{"80466c0":{"url":"/assets/images/bola-halo-pendant-chandelier-environmental-hallway-lowres_download.jpeg","alt":""},"232291c0":{"url":"/assets/images/circa-chandelier_hires_download.jpg","alt":""},"39fade40":{"url":"/assets/images/clarisse-meyer-5xbdx3tqpnw-unsplash.jpg","alt":""},"32f61c4":{"url":"/assets/images/autri-taheri-wjdu5pkwyeo-unsplash.jpg","alt":""},"i1950f202":{"url":"/assets/images/belmont-22in-group-environment-high_download.jpg","alt":""},"i39dfd6b5":{"url":"/assets/images/belmont_essence_1_low_download.jpg","alt":""},"167542dc":{"url":"/assets/images/5d9ddc71916a65e5c79df765_20190907_sfp_lifestyle_cameronkirbyrichkay_web_800x1200-133__25839.1568419143.1280.1280.jpg","alt":""},"605c87fb":{"url":"/assets/images/5d9ddc44d30da3c4288c9126_hello-i-m-nik-kidgxw0cwmc-unsplash.jpg","alt":""},"i4c3db64":{"url":"/assets/images/hello-i-m-nik-kidgxw0cwmc-unsplash.jpg","alt":""},"i3f296254":{"url":"/assets/images/5d9ddc97b7de930e145fde35_20190907_sfp_lifestyle_cameronkirbyrichkay_web_800x1200-126__27751.1568419143.1280.1280.jpg","alt":""},"i35f33591":{"url":"/assets/images/5d9ddcc4b7de936a525fe1b5_20190809_sfp_event_oslfestival_web_800x1200-10__72731.1568414532.1280.1280.jpg","alt":""},"i445d990c":{"url":"/assets/images/bola-disc-flush-2-rose-gold-in-room-high_download.jpg","alt":""},"i66cf4726":{"url":"/assets/images/circafloor_pedestal_env_72_download_download.jpg","alt":""},"i2f1fc9ac":{"url":"/assets/images/brad-pearson-s9ts_a3-khk-unsplash.jpg","alt":""},"i4945b693":{"url":"/assets/images/20190706_sfp_lifestyle_accessories_johnkira_fullres-110.jpg","alt":""},"51ede47b":{"url":"/assets/images/5d9de0b7b7de93ab4e6020fd_haupes-co-6hpjzcqwt4i-unsplash.jpg","alt":""},"75f965d1":{"url":"/assets/images/screenshot-2019-10-09-15.24.59.png","alt":""},"19f2fdcd":{"url":"/assets/images/apparel-black-and-white-boutique-1884583.jpg","alt":""},"i68a37110":{"url":"/assets/images/brooke-cagle-kriecptiwgy-unsplash.jpg","alt":""},"i7d6deb77":{"url":"/assets/images/20190805_sfp_lifestyle_oslouterwear-124.jpg","alt":""},"i474a686f":{"url":"/assets/images/20190706_sfp_lifestyle_accessories_johnkira_fullres-125.jpg","alt":""},"17ebac1":{"url":"/assets/images/bola-bedroom-ft-v2_download.jpg","alt":""},"i293cfd99":{"url":"/assets/images/photo-1491933382434-500287f9b54b.png","alt":""},"i2e71c035":{"url":"/assets/images/avatar-2.jpg","alt":""},"i2e7fd7b6":{"url":"/assets/images/avatar-1.jpg","alt":""},"i2e63a8b4":{"url":"/assets/images/avatar-3.jpg","alt":""},"i2e559133":{"url":"/assets/images/avatar-4.jpg","alt":""},"i2e1d332f":{"url":"/assets/images/avatar-8.jpg","alt":""},"i2e2b4ab0":{"url":"/assets/images/avatar-7.jpg","alt":""},"i2e396231":{"url":"/assets/images/avatar-6.jpg","alt":""},"i2e4779b2":{"url":"/assets/images/avatar-5.jpg","alt":""},"i6c59abb1":{"url":"/assets/images/grey-transparent_1grey-transparent.png","alt":""},"i17603ef":{"url":"/assets/images/photo-1568386453619-84c3ff4b43c5.png","alt":""},"i214cc2b0":{"url":"/assets/images/modern-closet-row-cloths-hanging-600nw-277148084.webp","alt":""},"58a3f9a4":{"url":"/assets/images/check.svg","alt":""},"-3b6e794":{"url":"/assets/images/gotogh.com.png","alt":""},"-70f6df7d":{"url":"/assets/images/menu-icon_1menu-icon.png","alt":""},"-326bf447":{"url":"/assets/images/facebook-social-media-icon-brix-templates.svg","alt":"Facebook - Elements Webflow Library - BRIX Templates"},"-5aa954e0":{"url":"/assets/images/twitter-social-media-icon-brix-templates.svg","alt":"Twitter - Elements Webflow Library - BRIX Templates"},"-5294e53f":{"url":"/assets/images/instagram-social-media-icon-brix-templates.svg","alt":"Instagram - Elements Webflow Library - BRIX Templates"},"-1f8be77f":{"url":"/assets/images/linkedin-social-media-icon-brix-templates.svg","alt":"Linkedin - Elements Webflow Library - BRIX Templates"},"-526f2790":{"url":"/assets/images/youtube-social-media-icon-brix-templates.svg","alt":"YouTube - Elements Webflow Library - BRIX Templates"},"360c8653":{"url":"/assets/images/icon-brix-template-email.svg","alt":"Email Icon - Elements Webflow Library - BRIX Templates"},"7a543f25":{"url":"/assets/images/icon-brix-template-phone.svg","alt":"Phone - Elements Webflow Library - BRIX Templates"},"5ba32137":{"url":"/assets/images/blob-brix-templates.svg","alt":""},"-2e008ce0":{"url":"/assets/images/gotogh.com-CEO-Ernest-3-Opare.jpg","alt":""},"21ed5eec":{"url":"/assets/images/left-arrow-line-icon-elements-brix-templates.svg","alt":"Icon - Elements Webflow Library - BRIX Templates"},"2a72988d":{"url":"/assets/images/right-arrow-line-icon-elements-brix-templates.svg","alt":"Icon - Elements Webflow Library - BRIX Templates"},"-cd666a4":{"url":"/assets/images/pattern-cta-v2-brix-templates-01.svg","alt":""},"-cc84f23":{"url":"/assets/images/pattern-cta-v2-brix-templates-02.svg","alt":""},"6d289a50":{"url":"/assets/images/arrow-dark2x.svg","alt":""},"86d03eb":{"url":"/assets/images/arrow2x.svg","alt":""},"-146f78d4":{"url":"/assets/external/5d9d0ce271ba982264e86f8f_grit20logo.svg","alt":""},"-602ce015":{"url":"/assets/images/photo-1610740654950-070baeb919ee.png","alt":"Feature image"},"13d620e0":{"url":"/assets/images/1689426614788.jpeg","alt":"Feature image"},"7dbc0071":{"url":"/assets/images/dtnlwo0qgwjnxppzgeox.jpg","alt":"Feature image"},"-4bf416f0":{"url":"/assets/images/tech-gadgets-devices-arranged-organized-manner-generative-ai_546192-1947.png","alt":"Feature image"},"-5581c4e9":{"url":"/assets/images/7e97e58a0eab8716fe2c1c34a2769067.jpg","alt":"Feature image"},"3f468a1e":{"url":"/assets/images/zara-logo.svg","alt":""},"64a16198":{"url":"/assets/images/webflow-logo-black.svg","alt":""},"-3ed95c1f":{"url":"/assets/images/rolex-eps-vector-logo.svg","alt":""},"108fcd2c":{"url":"/assets/images/diadora-black-vector-logo.svg","alt":""},"1268fb5a":{"url":"/assets/images/adidas-black-vector-logo.svg","alt":""},"172328fd":{"url":"/assets/images/louis-vuitton-only-text-vector-logo.svg","alt":""},"5332035b":{"url":"/assets/external/5d9d08afa8a650bd8e830db0_bola-halo-download-v4_download.jpg","alt":""}}