{"23":"#","9322708":"https://youtube.com/","2f":"/","149e5b58":"/all-categories/","-66eada73":"/about-1/","5e52685a":"/contact-1/","-f3f4979":"https://facebook.com/","636eb9b8":"https://twitter.com/","16e0f419":"https://instagram.com/","-d3a1cb1":"https://linkedin.com/","5887d368":"mailto:contact@company.com","2ed540cf":"tel:(414)687-5892","-f9ed6a0":"http://www.gotogh.com","-7f71b310":"https://ymlktechnologies.com/","-3caf601f":"mailto:info@gotogh.com","-66fe19b0":"/all-products/","-d324b45":"/old-home/","5377d6fb":"/home-3/","5e526879":"/contact-2/","55cb89fe":"/blog/","3198e05":"/help/styleguide/","-7ca9ccb3":"/help/license/","182c9ffe":"https://sanfranpsycho.com/","132c1309":"https://webflow.com/","39529e94":"https://www.google.com/maps/place/Terrain+Equipment+Ghana+Limited/@5.7860854,-0.173448,20z/data=!4m6!3m5!1s0xfdf770b70d6f7a5:0xe14166eae2f1375d!8m2!3d5.7864043!4d-0.1729256!16s%2Fg%2F11qs8wdx3_?hl=en&entry=ttu","-63223f42":"https://grit-template.webflow.io/product/grey-blue-build-bridges-not-walls-tee","62d1306a":"https://fonts.google.com/specimen/Montserrat","6bccb4d":"https://unsplash.com/","503d854":"https://unsplash.com/license","675d206d":"https://www.pexels.com/","243b7ef6":"https://www.pexels.com/photo-license/","5ceea670":"tel:+233502100671"}